Monthly_Hours,Performance_Score,Hours_Experience_Interaction,Cert_Intensity,Department_London,Department_Paris,Department_Tokyo
173.11775611198783,65.73387012683325,1243.165214477023,0.7417518747359648,0,0,1
150.253521597276,44.838584553010165,673.6457658534451,0.8223888496056916,1,0,0
141.95198716916283,42.206571821196135,588.65370489831,0.6528279693130887,1,0,0
155.8768638340946,57.324423106246165,646.4068395333438,0.9194689076009865,0,0,1
152.6919561820761,93.45355012345101,2129.9219678744707,0.7117871767356702,0,1,0
154.72118023275237,67.72906835562203,1330.620514306109,0.7564638336029532,1,0,0
195.27306100065144,17.422028983455753,662.6071908913365,0.7814089642529811,0,0,1
140.5582500362516,64.43123004865603,1041.4584008990926,0.7886002161559317,0,0,1
146.75453814002702,49.28519622281405,880.0694709392211,0.8622336745217468,0,0,1
162.72139930170957,18.713020628202965,105.40194520481282,1.6326536529077045,0,0,1
165.99503955862923,23.684797198386555,334.2686678045111,0.3662164705624552,0,0,1
151.63865420337518,41.27039561386753,958.1283683306084,0.8457175393549367,1,0,0
153.80503266784848,93.42592506264674,797.6067623519741,1.8918504529193154,1,0,0
146.09952536729034,35.20414601854249,757.6473109369462,0.7349636789452684,0,1,0
159.52841244437835,26.70646724154991,506.356313024773,0.8565967535408701,0,1,0
147.2735704871378,34.222002123495116,801.4661025696015,0.7668201400264141,0,1,0
168.596917198618,33.64494687526183,508.46359307005434,0.771521672192565,1,0,0
163.12342346950513,29.49122393700883,644.8634560165752,0.7308324160443589,0,1,0
154.60555491321307,34.32253715042872,764.9739749288925,0.9397408629157835,0,1,0
164.51661008787613,12.232160888691165,315.9396581511152,0.8132034561223311,1,0,0
162.75751774483757,70.42022678272582,1450.1988254613868,0.9460685930496098,1,0,0
154.56806227823307,26.687039435658686,248.16587735584054,0.782379121268729,0,1,0
165.24700036851863,12.764215124131761,234.3830951627444,0.560742180768252,0,0,1
144.93918104736986,40.79081295973017,840.9155692647748,0.7073570969306093,1,0,0
158.5680362936639,63.548431308708324,1338.323966191619,0.7344774306467291,0,1,0
133.35630499800322,42.091572831189495,691.5631356379831,0.765709963119987,0,0,1
147.50415914498862,34.78662001915407,578.5325977470179,0.8921075174768138,1,0,0
173.73085413340243,21.70317510922919,594.1125255607618,0.6012322032158167,0,1,0
162.37481171421877,76.22776452853374,1674.6360423993558,0.8848127633712919,1,0,0
158.2485112630713,30.558048613336638,1006.9561371960455,0.7994779721305163,0,0,1
168.80786543926374,37.92181118888763,616.4789714783228,0.8469073484221455,1,0,0
167.17354018222483,38.813084182407806,469.72748778839923,1.0978195957982195,0,1,0
155.1813585082313,52.13398316364941,1204.65067501074,0.8962197982152831,1,0,0
187.48835565218803,73.03468590430764,1903.0677473738076,0.828608939373076,0,1,0
172.212276431774,62.16801967781853,1643.5301349939075,0.7949796239876993,0,1,0
167.2310009100308,32.39375784508443,401.87969894522774,0.38621964020955074,1,0,0
165.5309972097628,45.95979217547969,644.8249077654747,0.7387304733899972,0,1,0
195.27306100065144,25.49095619627249,656.9581164624473,0.7949918166056891,1,0,0
131.08491130981585,41.42246145729444,565.6136102873054,0.7189450642075008,1,0,0
155.81674908773866,76.77198278310382,1379.487059941793,0.8331761403292495,0,1,0
172.67736956776483,81.44732644022824,2125.1036711614097,0.8060104280398374,1,0,0
146.51313312397113,43.5729190852022,957.5309291906348,0.8202465317209994,0,0,1
138.92215229794638,50.99721296703325,402.114875019215,0.7130834352490497,0,1,0
159.21393324133797,41.12108518791493,774.1818731777431,0.8498644512832952,0,1,0
185.56158274383236,90.05955033851578,2567.730409790265,0.7174826836095372,1,0,0
178.70337573302078,47.117908691945935,955.1276917954356,0.7342558961522504,0,1,0
159.06993985950953,40.03089780057742,624.99440062085,1.0039979790003897,0,0,1
195.27306100065144,35.02121363811645,819.4746941855749,0.8187438011341215,1,0,0
154.50239469447922,49.922848537209816,1006.512044569447,0.8385743849950602,0,0,1
134.44192619759923,35.35050607170656,332.9985621502571,0.9544307937944553,1,0,0
166.41470668665528,7.7539465595028805,548.7676980099485,0.8593030804281674,0,0,1
163.76083576513352,38.0466461323468,1547.4280789249929,0.89100484982812,1,0,0
147.7001742767614,44.590079852415485,942.9744589992156,0.859031250003586,0,0,1
155.50242705587678,57.56205155725751,1518.9540355033405,0.8597032192683305,1,0,0
188.5620488435951,25.340692404681437,517.4250763138622,0.6190401343876599,1,0,0
184.38938373043095,37.610236894827516,707.1894795830549,0.8421937056847952,0,1,0
193.281703501722,58.87358147895078,1205.4575723085059,0.833964281495826,0,0,1
123.73783463356236,39.94085982775517,752.4180672830738,0.819411702601376,1,0,0
164.43436733120643,23.403006519515486,210.07094277166144,0.7416408156395716,1,0,0
150.96240569373467,35.99665489423261,534.6158844793646,0.5682597454974693,0,1,0
182.15401639177412,42.654315253678455,801.6589356046618,0.7701593325472713,0,1,0
142.48330673098098,26.983024251508034,959.4564598061166,0.8443549042152915,0,1,0
123.73783463356236,35.17270884980519,750.5059654267607,0.8491773617719967,0,1,0
143.54046208550733,45.552583580217764,677.1060378982451,0.7256870807814519,1,0,0
151.16699759891955,26.91312770767776,97.09686720720262,1.5880340409180744,0,0,1
147.44106353425448,47.59025452139706,722.1683319349949,0.7463413333183582,0,1,0
156.1952836325516,39.49465268113073,817.9817491948937,0.9248987840770487,1,0,0
151.9131594527653,104.71293817100982,3325.9857053199025,0.45466959243973687,0,0,1
151.77596807612383,26.349243540280156,651.328250354899,0.7570648137228515,0,1,0
172.5000086767046,39.8008152481588,1080.0533572015156,0.9761803041372309,1,0,0
164.6308693753331,74.93358298452782,1787.9963214547392,0.7877939132129564,0,1,0
163.308121405208,55.328191623440254,1390.4409614169429,0.8934835852676152,1,0,0
152.30205453229905,36.400272122952785,197.8002613437842,0.5495073360897825,0,0,1
149.23121663878598,41.96603453849211,307.59324711508253,1.1328228296101275,1,0,0
164.5290573599621,22.04808879243081,511.9817071579006,0.7846088849897311,1,0,0
157.37350262349395,28.0682578567406,169.6410165202434,0.9003813700138272,0,0,1
162.91161446430036,37.86727996117355,858.5885007709146,0.8584094288683719,0,0,1
152.031785580886,29.56956239897926,337.13552159888116,0.7843464097003418,0,1,0
156.72438297782801,77.29780874957382,2151.1403034555374,0.7232945420609412,0,1,0
170.2203926566442,28.42027203167015,655.9459263434792,0.6073634389020817,0,0,1
166.12910961552652,41.43495311040547,861.5173310941691,1.547954347781469,0,0,1
150.5828459994344,43.8131663052357,239.03734363432807,0.3070117936559694,1,0,0
147.42121302329153,24.170835571658323,147.53170444553876,1.241799500463659,0,1,0
146.69978616574815,32.72728712905772,843.4819949504724,0.9317736504251679,0,1,0
195.27306100065144,112.76627615814925,1186.3954357852513,0.7479069031146098,0,0,1
178.43470753733592,55.47671940392222,1548.8781972885388,0.8169253863916415,0,1,0
159.55296620074964,51.63211114791743,1165.7149778194887,0.7638751019400863,0,1,0
166.87580055327226,55.91874347302978,1041.4169710688504,0.8196466644005179,0,0,1
128.69459472096898,33.335471655446604,360.55647141710523,0.7676269999253668,1,0,0
151.230734040142,47.433037283653505,900.5086588280876,0.9003474303941142,1,0,0
159.53411600693647,47.12155663619927,992.8003915868416,0.9401697456863762,0,1,0
195.27306100065144,76.67179105112307,3176.3558511714946,0.6110143938033173,1,0,0
149.98330665296672,42.853107294213935,1060.2051045683827,0.8235506097192775,1,0,0
158.69913104310632,17.128586941983833,822.9867248409224,0.17771255290557733,0,1,0
157.19006472390438,69.33075278045328,1369.099325490675,0.7946147283820229,0,0,1
126.42653150012542,53.932654099286324,1230.9121528458825,0.8904044657079849,0,1,0
195.27306100065144,85.11087016375375,1323.0013591807153,0.9551312311551986,0,1,0
150.89702233214237,41.125775266467514,619.9693967998865,0.6831556359047316,1,0,0
166.86529879080328,20.65933426067622,435.86151126232426,0.7094305854247396,0,0,1
123.73783463356236,31.907935856110043,582.4700682186067,0.82957209862139,0,0,1
152.50404735772554,71.26723293042407,982.2904395140982,0.8584207191507233,0,1,0
152.1062821522387,48.33464050063334,768.2166337634277,0.7549025629882993,1,0,0
180.8250666731267,81.00500884798015,2351.9159942248234,0.7629754474741606,1,0,0
147.67129493864576,53.38987856069471,1157.1136522092156,0.8094341883582046,1,0,0
163.48247083110795,37.45316015499509,385.9429045087624,0.8125212823172132,0,1,0
160.4565947570107,32.30840483361586,303.83466523968207,0.9443748089994242,0,0,1
172.84864763096064,49.11541190005794,1229.1359539238356,0.8386578477261365,0,0,1
195.27306100065144,107.71469143667254,816.9263304575265,0.7792185341688236,0,1,0
163.2309475818443,43.05679214664511,846.4879552905261,1.3253672529082206,0,0,1
149.16626085506863,43.73716199331335,704.5429243116236,0.7940194892794538,1,0,0
128.73830590752118,18.466888953191525,307.06429552005517,0.7637294461297507,1,0,0
185.87044974641663,30.09083118834313,209.77323606588584,1.4314130436797168,0,0,1
151.65213053408698,46.91993728442257,891.0870251601705,0.882708204541574,1,0,0
164.30993356604515,16.507022425946204,256.4474847797289,0.7098587901581211,0,0,1
159.31731632048135,29.056778168097168,366.2087569517595,0.9598456772547617,0,0,1
153.63645499902935,39.27791184415342,863.3322260807038,0.8059545897112864,0,1,0
151.45250607641862,61.95549752057154,791.9219254814178,0.9441221157114257,0,0,1
164.94263103359515,29.112515440091318,288.84190587844154,0.9039233667538924,0,0,1
162.31995510390297,50.50306803751649,1700.6228729979327,0.8368912415398015,0,1,0
171.2586875128265,86.79389621020461,1762.6929355227312,0.8633613141124682,1,0,0
164.26172584991824,45.402931478737585,1194.4689935398735,0.7319223458687716,1,0,0
143.04895991439463,40.88519289510749,741.8275969001404,1.061766942163688,1,0,0
153.2498071300628,73.12086907540245,1114.4026167904021,0.757490423075243,0,1,0
178.8572382529386,69.74248960610544,1731.280803457208,0.8486166773515402,1,0,0
151.96997369475665,62.05928785395425,1211.3414270780565,0.9467989908169281,1,0,0
165.3768042731443,36.69024874724898,424.09119072332265,1.2368235301228852,1,0,0
163.54450843636204,33.53239563461356,676.7055443651616,0.9052240699487821,0,0,1
171.3688277488543,113.36081304638955,3494.141266701223,0.4880525565154186,0,0,1
170.28261608185306,16.40795184487696,118.25326630014685,0.0,0,0,1
195.27306100065144,126.88267468420528,661.1729343131304,0.7477773283254963,0,1,0
157.36654081751178,70.3467179542437,1654.6206844678638,0.804882972520152,0,0,1
123.73783463356236,43.68113499783577,335.304843524258,0.7092697943779088,0,0,1
160.43593341920032,55.98733936226177,1302.8902466182506,0.829433987694856,0,1,0
179.4380767279452,36.28289147530991,929.2351379160676,0.7891796561337847,0,1,0
149.21751418586905,14.885260435351,429.3188955352688,0.48903215842184283,1,0,0
158.69913104310632,94.78273995493738,822.9867248409224,0.1580704868779537,0,0,1
157.07954055824976,61.43622263897674,904.3787882780118,0.7439178804924299,1,0,0
159.03717734337255,19.623127474114916,400.1101781474173,0.8632361273471107,0,1,0
160.14474640599923,44.11466504217488,731.6472375548456,1.0539216608991315,0,1,0
163.78360594640017,38.73171798671915,1182.8293003581305,0.7756078231977298,1,0,0
158.25656435317063,56.06087413990432,1449.3827578545454,0.7041715219664894,1,0,0
163.2206977475579,35.88592296511162,551.1794955499904,0.7844236810796172,0,1,0
183.67177086343276,15.446760459501771,527.5980518735618,1.0065951416799108,1,0,0
174.78174528422826,24.967533170053454,268.100906024224,1.3972573281950518,0,0,1
173.03731888745344,56.25616324052014,1637.6056703156705,0.7768315506723565,0,1,0
163.3720787018136,114.09017260097608,3029.7642677515137,0.5363317013871644,0,1,0
166.82163132931996,63.809278084117224,1694.8125441107513,0.8190377287314818,0,1,0
174.32950837356628,85.26135682167298,2037.354648980248,0.8382941816111299,0,1,0
173.1407018879469,28.16559875418128,472.58794170095723,1.287240033125962,0,1,0
160.93346688258703,39.20223579116648,1114.2075685044492,0.7309003375466483,0,1,0
150.94029061046155,43.42547073509516,1304.1555814543983,0.8547904842043782,0,0,1
156.21768154471368,6.512660942849607,310.7819227006027,0.9212383750671752,0,0,1
135.40773756211848,91.67763427630116,702.2015163025544,1.8918504529193154,0,0,1
154.1129334090869,47.26180403761339,193.35629713000182,0.82341846153314,1,0,0
174.9485576586917,86.43209237615724,2259.8054541119823,0.7682278744698169,0,1,0
153.00256931157702,38.24995766665492,190.61769758042192,0.6413400167811297,0,0,1
158.964809681947,38.699517499863056,330.74424636115214,0.8727291459240599,1,0,0
157.14245341003283,45.589642639307485,1101.8438301757594,0.8139194172502175,1,0,0
164.86085542332341,55.51546492631779,869.6812243632206,0.8920047812724721,0,1,0
142.78462915276498,27.748865497806516,521.339507156026,0.7780755444886097,1,0,0
162.37800993870735,81.54789255991486,2273.5245696509037,0.7091478662608265,1,0,0
123.73783463356236,17.30196310581668,194.87695100252742,0.7905156532933084,0,0,1
153.3690249722667,36.28205854788062,680.1727002718246,0.9554108341578912,0,1,0
135.5429013442729,58.37891112377234,1035.8439643091347,0.8357021166618448,1,0,0
178.08991774820225,41.94583806898764,923.544049494333,0.8243275009673439,0,0,1
171.66111029146768,40.83348238300593,507.3047085872225,1.0286948388289696,0,0,1
167.0000647294912,40.68310606274538,508.8711998059718,0.6790932211188118,0,1,0
154.9756486581936,67.03664349906552,1404.8697165073995,0.8050596087543427,1,0,0
123.73783463356236,80.75311408782375,1157.7003320608173,0.8095148421238126,0,0,1
186.21044796873338,62.930453775889276,1170.7230554058392,0.9442868244949963,0,0,1
160.4972265226508,31.95220919327943,502.2121404628572,1.3095316022349188,0,0,1
177.03430220774416,45.81851442587059,870.9175172556894,0.9382617326065136,0,1,0
172.35105110889953,46.920191971033425,942.4692730355331,0.8547805256592553,1,0,0
147.6322875770849,52.05718427015587,1097.2486844910425,0.8350713758648745,0,1,0
168.03535451913007,32.61682915170344,715.3402272874296,0.8632604898948989,1,0,0
152.06533437903977,35.782089496674175,1357.41678775312,0.869449454433411,0,0,1
144.1516353585962,65.88703505722555,1277.0167758961402,0.876522150246928,0,1,0
178.34624600642988,88.0084020156544,2131.569550921635,0.8297473692359141,1,0,0
163.09167921200248,29.409477276431254,828.7975809526681,0.8422401982041655,0,1,0
165.2875745253532,54.39797658013981,1051.8085591720055,0.8215836582801352,1,0,0
132.69095049177224,21.870723462861477,688.1127202365752,0.3760851704081248,0,1,0
164.05086037587134,120.86413460874762,2997.2565739073843,0.5443572599946964,1,0,0
131.31617536870334,58.0265245548658,1439.2581352505686,0.8691477007858535,0,0,1
151.18399232306973,49.653214970717855,1320.6721168231634,0.6739840132817201,1,0,0
139.47527441750785,56.75946248857362,690.7817409473366,0.8980831059429984,0,1,0
189.8091399884621,28.864568576646786,430.45757860857225,0.8552233575042926,0,0,1
173.6704408326208,78.86890865887081,1703.2349411860218,0.8404762597040113,0,1,0
170.94504423657568,22.43060892916045,761.0133824875383,0.7886486351852645,0,1,0
178.95560016482003,36.58877208640819,1212.576116040158,0.9193814484934665,0,0,1
147.30526033801397,21.196437658864284,459.4556181333786,0.9707687522416537,1,0,0
195.27306100065144,42.05073757735305,1173.59602822237,0.772841753635792,1,0,0
140.89441921391875,18.678830623350628,730.6545149622217,0.5663373334344419,0,1,0
195.27306100065144,15.635757560800537,661.6942022544896,0.686371281270633,1,0,0
179.08530250160152,52.02271261048062,1066.2108771998944,0.7220095609874103,0,0,1
162.56734794593893,14.253291502192958,199.50206826678678,0.5498495439660166,1,0,0
164.33085494237534,14.696634679451327,211.97155885937352,1.0990790228788527,0,0,1
135.17668845657556,20.158471075685767,365.21001067307657,0.9897577415200628,0,0,1
145.59930557080804,24.001299886416273,755.0532560779076,0.7268264979918228,1,0,0
158.15936599606414,32.41825329312155,1441.0815165295035,0.8801303285026696,0,1,0
146.35706661705112,37.31860024499138,644.8183467101939,0.8884148360068445,1,0,0
143.04694412989113,34.643523099571965,705.0270513178008,0.7693140278437429,0,1,0
195.27306100065144,36.152474715823175,773.9225260720427,0.8822304038451583,1,0,0
182.7459108288036,39.94117381887242,1161.701791380377,0.8988165545493337,0,0,1
159.67322037276168,37.16684585299227,388.28354553068465,0.9653932938084943,0,0,1
161.08055291925618,63.31443019611268,739.4389576379959,0.9586147694618589,1,0,0
156.81686545148273,40.95470987352539,1054.2444050512374,0.8894490435561735,1,0,0
145.72122309966647,58.16454582317918,862.5373877669354,0.8650727214951093,0,0,1
161.16220777778292,45.02736339388997,813.6965282642466,0.9374114069145412,1,0,0
163.86628810214125,42.21847529123321,834.9855071510574,0.8310874657942958,0,0,1
144.73104348891252,46.63298667332584,750.550596470473,1.0723628908768734,0,1,0
165.01264625867347,109.84208387671164,3107.946789648221,0.5281337484005997,1,0,0
157.67111426762878,40.15307082403167,406.4777881375562,0.6791824014903705,0,0,1
131.38288663183914,97.65776395539464,2519.931251842218,0.5186706662842956,0,1,0
160.6419365412908,24.346199342255524,397.969327018849,0.788984543739346,0,0,1
153.79591699867532,30.172296207277277,70.82924633430812,0.0,0,0,1
156.1400359886906,44.80702856308764,503.9685143876666,0.7781837553655113,1,0,0
168.34829686800637,37.82820920982847,1084.8107994615734,0.692324062574428,1,0,0
139.96777646350162,93.94481110824279,2289.1436535247635,0.6077257581394201,0,0,1
162.42610780233363,35.33509543774896,367.9264020193364,0.8143169584976874,0,0,1
136.7904401659245,56.10044664384518,979.067218646793,0.781994562253829,1,0,0
176.2403658083061,34.53398096301258,252.32682727032312,1.0097046854093403,0,0,1
158.59545716891245,76.88027436200737,1760.4475475660452,0.7706463453305022,1,0,0
179.88694971313285,38.38729708843703,932.8631518834379,0.4736523919983183,0,0,1
140.69254647123626,91.31697728857728,1729.1224226614938,0.8070973967042858,1,0,0
172.17818079754403,32.53310658768643,786.7473863105917,0.7311508907556575,0,0,1
151.24601010480993,73.05382182997828,1737.7352612503403,0.8628528347367959,1,0,0
175.57568276528974,32.50956130573714,881.4489684003565,0.8144724370086239,0,1,0
137.20980886784736,27.521619008907532,711.3191337319673,0.8088852415718945,1,0,0
123.73783463356236,32.25941680295438,427.09556875982395,0.5439615693309093,0,1,0
153.23261712386503,47.186527175116424,794.6383126150753,1.317783718351246,0,1,0
168.2761119986638,43.653374379387465,872.6513205994037,0.7640836007536439,1,0,0
167.48322146469803,70.32177490216883,1217.3983278271714,0.8425315043955534,0,1,0
153.052579568719,36.410441057994696,168.53556455007438,0.8946971383085238,0,1,0
123.73783463356236,76.04240889580075,1455.2054679648857,0.8431424368608457,1,0,0
177.3085110138362,102.78174357504919,919.4918069593069,1.8918504529193154,0,0,1
131.9538745045687,64.53316820077929,720.6686938721051,0.563251746848345,1,0,0
154.17218837225485,109.68811514392446,2772.1886083313875,0.5530630868599109,0,1,0
162.85635834887586,83.98105485460893,2499.0511708977633,0.6474534858034441,0,1,0
166.7382808192755,46.365780010067695,1323.764478094105,0.9164835809137754,0,1,0
152.35289960213677,91.17101551517277,1888.3355606441617,0.8003531865061151,1,0,0
160.51661517558762,68.17579026951044,1656.7839202789985,0.8182564137949275,0,1,0
123.73783463356236,17.59576964189607,100.64700628400517,1.1987684464081259,0,1,0
150.12627381499226,29.659361286150286,604.631909921095,0.7114719249811677,0,0,1
166.802630688317,54.016985275734925,1388.7473813908111,0.8681799760599094,0,0,1
145.2655894861798,90.02301132206541,2081.913292728342,0.6929156081915759,0,1,0
160.88476332384397,12.202900205859319,214.51276382617937,1.1605386817911687,1,0,0
166.70308751204047,23.636529489008673,146.5265487198496,2.1726490104737444,1,0,0
154.86176198713352,54.5366555639181,741.468125142586,0.8727515244383599,1,0,0
162.55695656494856,-2.5477200791547894,82.34949067336676,0.29034251786668286,1,0,0
145.55901152073082,22.456387534752217,678.7010645152856,0.8294682167137626,1,0,0
156.9008308045593,55.238500450050545,1029.0283799396398,0.7043901389515536,1,0,0
160.72937983681723,41.41388992383733,349.0684324868548,0.6596835684250252,1,0,0
162.3545944145265,35.142294019593336,772.9949629362216,0.7904171692926041,1,0,0
151.20203095654097,43.57051208845452,1464.6249788796765,0.8145386324924585,1,0,0
163.3632460643619,46.728877500859994,525.1576570571956,0.8473383218656131,1,0,0
170.71914685954926,21.536090132320567,429.35274629169453,0.6602422435493732,1,0,0
159.73072821579657,32.29674051096837,734.2539126824523,0.9512419067712117,0,1,0
123.73783463356236,30.7628603767235,243.36263740582623,0.8089229213975616,0,1,0
154.95617891978392,94.44243416585326,2653.195335168209,0.5806448991109131,1,0,0
166.38234899860345,33.56604983675763,854.8429665867625,0.8024712108843552,0,1,0
177.95870385467842,22.968391069077985,489.4050361733528,0.8474019696422559,1,0,0
139.424894541543,61.898631436856036,819.1730203653646,0.90481653227499,1,0,0
149.3583849635868,49.41922909268668,774.5472030046849,0.6540634397163915,1,0,0
155.67176956186444,42.27278726527662,652.5896606934213,0.7535298660482255,0,1,0
156.1400359886906,9.029835881431918,501.8277807404575,0.778525680162832,0,1,0
123.73783463356236,39.809324963039685,381.73124827277775,0.612029699508964,1,0,0
147.14841859259812,25.59737177448683,763.0866929583223,0.10391192959594756,1,0,0
151.666798307697,64.29545867051023,1877.9416406437697,0.8011522461096108,0,0,1
163.06583547404466,56.80322853741628,1236.3502817173878,0.8958472760724936,1,0,0
141.96775710885868,56.23639302365746,895.0979733005034,0.8572257781581305,1,0,0
154.06478932365604,43.70393843331905,696.4899466893772,0.852552600767612,0,0,1
173.4392181240583,20.360364009786082,370.67006973765893,1.0021780306283623,0,0,1
155.00709393426234,28.66082180399223,403.8699285689672,0.793194869449301,0,1,0
158.5991971165008,29.497653382587302,200.91867634589943,0.9306480640317673,0,1,0
152.06001831327444,30.25365426442344,439.5487060858788,0.8043203137524588,1,0,0
137.2829453622885,35.63135873308429,256.9995852807086,0.8741785667052485,1,0,0
164.82389817008857,94.40940344679257,2438.4112785781226,0.6714095208768899,0,1,0
186.32399607470862,72.41585129913574,1723.6544089131116,0.710503668058224,1,0,0
166.35476174451054,50.76996831961984,882.6237816092988,0.8218555649601694,0,1,0
163.37896175871325,17.426481745549186,384.11742121607625,1.1055499714102273,0,0,1
140.96004255179952,32.26474347422721,605.9106521449183,0.9404177899674143,1,0,0
185.5377198719441,76.55849685002076,1765.06726702172,0.9054510904735877,0,1,0
163.03493194634203,27.455426586621698,845.4714515149899,0.2180662788698208,0,1,0
184.47785348633664,54.12896651721845,1385.9196043847592,0.8517940971520286,0,0,1
123.73783463356236,16.480445447040157,356.3280644975643,0.7178304156528151,1,0,0
148.67298239033406,19.461580518624494,770.9928217345972,0.5073130619424012,1,0,0
195.27306100065144,114.86853059110689,1013.5233544053673,0.8921310881689973,1,0,0
158.56988142749304,21.771640107734697,384.1896656280622,1.054904766814414,1,0,0
163.51036681529723,43.66470215719024,675.3763259112005,0.813426577592234,1,0,0
156.36885327657623,10.417581010760522,350.94726737813994,0.7177271188028032,0,0,1
178.0079748771081,49.141938072600325,548.6785594285304,0.8233729265913148,0,1,0
162.1053980477207,65.51583773995961,1383.2990844330839,0.8749733694093331,1,0,0
130.49395444619273,41.01456447125447,703.9709893817724,0.7031434382369127,0,1,0
143.24220307439498,73.71082706001653,1219.1635369616242,0.7068039322540145,1,0,0
123.73783463356236,18.722676712694774,352.36816661185776,0.7277797981403122,0,0,1
164.64998474748333,49.4724217458785,853.8468408855555,1.09886454517537,0,0,1
164.73627781446712,21.562888576736622,160.51929967526823,0.5344102936708991,0,0,1
130.73347203942063,63.23260789714272,1033.2482726529904,0.811063870368193,1,0,0
162.1538190475774,17.91003595722596,150.93831499422828,1.472053273056336,1,0,0
132.7303116191927,7.883298205560802,381.79915273122185,0.8763303546776279,0,1,0
171.39568443226253,31.250333067463547,888.8288931113419,0.8623418988162052,0,0,1
158.58311928336997,74.55584165427065,1585.4635731042245,0.8723916316060241,1,0,0
147.0417555911535,51.63550234549198,1080.082617074731,0.9083655757847561,0,0,1
179.19197397486627,72.69430742466596,2315.0034551248973,0.768100793145121,1,0,0
175.62586996088277,41.27780268668468,1332.0418778872872,0.8825641127043631,0,1,0
156.07330301314806,52.29204046484156,663.9538677513266,0.7073927110709375,0,1,0
158.0572412970484,53.19835787050752,1039.9520325538772,0.7209682436651235,1,0,0
168.69785927942698,28.601441325942922,507.208724821496,0.954275977850919,1,0,0
149.39661148018976,35.97151565294336,798.2133177149757,0.8689613053003378,0,0,1
172.83333488531068,46.106506575887536,764.0919118042845,0.7314358104989911,0,1,0
184.7422134148588,57.041489997802174,1186.9348659089324,0.7703300933799506,0,0,1
176.0591583996878,26.48225365340219,628.2559075555451,0.9802237088155316,1,0,0
149.05596295288885,36.92477781589532,996.9729243619497,0.749875111189564,1,0,0
165.42125975909653,23.32480214603777,585.6476062386788,1.0522713126018066,0,0,1
140.6028768436203,55.32606547054579,1292.0848604325831,0.7923753341973742,0,1,0
168.58585466763515,29.163856612666976,647.4750710689277,0.9094311701065128,1,0,0
166.75905119293807,35.51516866209717,88.66056332867329,0.4553164438285553,0,0,1
131.95275490701755,18.276296341740746,267.0414217587279,0.9519857061609823,1,0,0
158.4809023888111,7.8617047720817705,803.7634484197863,0.7809591031083115,1,0,0
155.7529165488435,77.184116177294,807.7081571425674,1.8918504529193154,1,0,0
155.4871037928876,58.45546214544535,1391.4997359082072,0.8428679059964592,1,0,0
141.85784596871792,-2.0604114038386534,56.03513237755845,0.0,0,1,0
165.83468094028277,21.88959668701117,195.92822725163109,1.0727229730620702,0,1,0
163.77210413410768,57.34855800808208,1779.6604438735478,0.8188505073691117,0,0,1
157.0859630203222,66.65956738182017,1236.7336213279175,0.825003057754036,0,0,1
148.66312749762454,115.82217825105324,2967.0258941567295,0.4985529897871536,1,0,0
155.9746889260618,55.901160914222004,808.8582310036365,0.3081578610283914,1,0,0
184.83110669632444,28.0909845019871,439.52392200282566,0.7771526896430777,1,0,0
152.74657774230195,10.368860025438615,806.8575425642636,1.058331355165535,1,0,0
150.8174962426777,46.50265029420458,508.0766558304612,0.9385898791975109,0,1,0
167.36811498117996,72.71100082722172,1705.64704532294,0.8408045605306499,0,0,1
195.27306100065144,38.39910385195469,639.2095378017505,0.7858378705539597,0,0,1
157.9090419900515,25.894666605559852,635.7291167656892,0.8321210639909331,1,0,0
171.09479727587006,27.113719723899447,356.9968415851621,0.9362363382865927,1,0,0
179.77453487279004,26.656071442206038,397.5470830637224,1.0542779408870653,1,0,0
161.0902078649401,32.65657767278242,1091.907611760438,0.8896454289987218,0,1,0
153.8276028315673,124.87030410928216,2516.6387598127835,0.607528812889942,0,0,1
158.66148768667827,28.177168331379704,125.42911510023589,1.0007366877026163,1,0,0
134.03198044832612,57.3649790111897,826.2515296571088,0.8901352395953229,0,1,0
182.42407341179853,33.60943826938885,325.63094123807866,0.9618857463331962,1,0,0
170.93966834739257,36.46878021056412,929.1877146209708,0.8026677166618157,0,1,0
166.64503195671062,71.01493765339623,1394.9058021827939,0.806106493337487,1,0,0
155.14052928985797,38.55370933053104,391.0852154222841,0.8369996686618556,1,0,0
195.27306100065144,43.36185403890359,1378.0988510284114,0.9463367366840478,0,1,0
167.10207848552844,94.89371470707985,2348.899113660514,0.7063807069331756,0,0,1
155.9853836365181,29.5424032908533,510.0586415299338,0.6070374603799809,1,0,0
160.5898321491332,29.670861336532415,331.3264742504951,0.8487890172021461,1,0,0
128.09158869472756,41.44806558645966,580.0602500348906,0.8371326777253203,0,0,1
158.51358549638095,55.631044643097425,827.2731797641429,0.8503141286825421,0,0,1
150.95769016324058,61.37475778665542,1592.269973110969,0.853472701838748,0,0,1
166.48394425951233,42.36134129750913,734.6378760613662,0.8064334762826998,1,0,0
167.05066281052302,54.47347416069345,588.3907096454957,1.0321893913407671,0,0,1
149.3856115776696,23.25439750099176,301.05118530389666,0.4313984839186263,1,0,0
167.87661422493414,21.59367534228319,157.6820839380712,0.3696178584219279,0,1,0
159.67435358541817,43.39261303400296,236.83878423194403,0.763705095425232,1,0,0
148.82463461184767,28.40212210397553,219.43628999223748,0.27418786732759415,0,1,0
172.62975543178192,22.825618297927168,700.9612418670439,0.8084358478836896,1,0,0
154.4618919932883,13.218850892386081,176.93418858038316,1.448749483467819,0,1,0
123.73783463356236,42.49856503045695,593.0322622345305,0.8347614810060292,1,0,0
195.27306100065144,162.03704543520013,3148.5110446427157,0.6163847762602607,1,0,0
144.42184268734042,69.8448435068348,1553.310659512498,0.7841264053348599,0,1,0
135.53086276808583,55.311460590246384,546.084543338975,0.7547810275443,0,0,1
141.43860042666142,123.24617809180059,3260.928871931777,0.43186399815124815,0,0,1
161.64112707749456,41.58435799801801,845.8480884404762,0.8042727946151014,1,0,0
142.6343243852516,50.383753249955895,636.3595480156512,0.8924962337467147,0,1,0
150.9024491767639,31.472806319663988,735.5312653914032,0.721189979528281,1,0,0
166.83856292756053,43.13934176818661,530.0166770050932,0.8616736188399995,1,0,0
153.11364534671512,45.21198659706041,624.1010406128007,0.8892979773224957,0,1,0
123.73783463356236,85.38966436565234,1655.5793571286465,0.7418543820100628,0,0,1
142.68455997650523,78.48780830697896,1647.3388053648432,0.8587141094912282,0,1,0
154.15114440160832,26.400504163060887,198.82908267574845,0.4971309144345566,0,1,0
162.370802348802,21.40468576848624,414.3746395178257,0.5808515401061671,1,0,0
158.55064494977665,66.89599003639046,1517.3082287122597,0.8291093324769316,0,0,1
145.81380908954827,55.61891067714209,1217.2803407692404,0.8983733916992978,1,0,0
169.12369287527451,16.81913819449928,300.7165986386561,0.784520856746063,0,0,1
140.24302120080122,33.18497922366363,453.15932279389733,0.7764767717386943,1,0,0
144.96674471609913,18.604633553941177,751.7729029804602,0.5844580901984091,1,0,0
159.7441203708323,26.406839327274355,588.5426657526126,1.1036198197543379,1,0,0
137.99822214076485,34.12145739451986,514.4894840135502,0.6178222345035331,1,0,0
152.47896779671544,46.61582256099138,1672.4226261004744,0.8506658966380802,0,1,0
174.6296868771697,73.19959708805607,1338.850326742552,0.9693288728895633,1,0,0
167.73442132665934,29.134324139203656,653.224600047116,0.8295713704296137,0,1,0
174.67633168042053,39.94903805296016,1113.117240407776,0.8221868303009796,0,1,0
167.83213818900904,22.46576727165149,260.3404143919994,0.6902837505055477,0,0,1
143.44495257204446,31.90046905945185,464.25228519169013,0.7974903298295228,1,0,0
155.03816163508665,59.25191889494693,1591.089419351614,0.9080381555570362,0,1,0
148.29701306323807,29.982165706713413,158.6282057598913,0.0,1,0,0
179.9586235605856,60.660273146865435,1391.7044508553854,0.937026174961415,0,0,1
142.04817030360533,8.304857188434214,70.24165809425674,0.0,1,0,0
173.40546534083666,86.45907764041213,2578.282014826312,0.6680688784349017,0,0,1
143.0278820666274,18.034474709321398,741.7182907635117,0.4695655568805684,0,0,1
161.20491106879888,39.764170311467296,1081.7864789717432,0.8807279416516102,0,1,0
153.85470111055753,46.53934345859041,839.3663245880925,0.6908694515925986,0,1,0
170.68483239370244,36.824833023180844,956.688326642358,0.8756067233800782,1,0,0
194.22477754808264,68.91213676616647,1221.5501094284543,0.9951091175614226,1,0,0
151.399652589156,20.136496665197708,131.8305564285001,0.060310989615436836,0,0,1
136.9743962870146,28.62612202145882,779.573795494807,0.8517013351121602,0,0,1
131.79984949138355,23.350259416945107,569.4741292687714,0.7559003247919261,1,0,0
168.12180342971465,43.535395001005526,535.8589956048986,0.888920266201672,0,1,0
131.75274687912125,25.16423767137846,336.07751569548486,0.8215461189637497,0,0,1
195.27306100065144,116.11509177329964,1132.0969929249707,0.7812008556847954,0,1,0
166.55969780558442,23.42803871799067,347.67500556982276,0.9226601844078438,1,0,0
162.77763305244872,61.36984155494997,1650.382861336044,0.9298108844000823,1,0,0
166.3816729627626,63.14661696144659,1175.11967966616,0.8248070563163302,1,0,0
147.6164920242284,38.04063390358948,894.3484782065111,0.8946333928286935,0,0,1
179.1829871997009,72.07534717197723,1765.5439828705905,0.7764930852795882,0,1,0
159.08854222840407,16.0648282085591,114.89816415782256,0.1650095334352731,0,1,0
149.84507292312202,31.277850042825218,224.95067860931357,0.9444298573615083,0,0,1
156.13198253130622,69.4498233632395,1137.3894124828455,0.9389744476296202,0,1,0
172.45287717793914,26.738567619053242,462.69302623151935,0.8833475731259288,0,0,1
173.50597882592595,26.808547270260135,518.0670179362443,0.771730763109592,0,1,0
165.33393147011742,29.790759255810883,213.47379520702563,0.7886455630385522,1,0,0
177.7524050033489,17.41921386317904,372.00056433928927,0.5261203650103945,0,0,1
142.3293869893543,81.8554480396974,738.0960139924665,1.7121422489482,0,1,0
185.00836167326705,68.78259798752183,1325.4567494228502,0.8990296621854637,1,0,0
182.8485793256839,37.046537111545945,1051.4844899218112,0.796835112728312,1,0,0
165.80976339281236,16.699718166497213,511.6071313870472,0.7495384073126298,1,0,0
186.7269836315659,34.50485031508783,1024.6801377252502,0.858579577300993,0,1,0
153.46528559464616,36.93664374706658,420.67014933620317,0.8084440676482177,0,0,1
148.9704480897707,54.71730130182264,724.8470983397025,1.0443046945915135,0,0,1
170.82218985636015,102.343090445046,2642.947574546691,0.6421814908678922,1,0,0
144.2478889059678,53.425550011689474,1193.2959487346036,0.8184480239599187,1,0,0
171.3624272400623,36.17437329585042,535.1013157493537,0.7231560847009808,1,0,0
180.5580421599507,48.436021049430636,1411.169331802002,0.8862696455531291,0,0,1
170.42804350126,33.26959021769704,179.10983250609874,0.6974186999693922,1,0,0
151.61453635464107,44.33204299287993,786.2472207165948,0.6971383938267524,0,1,0
171.41319838504256,61.2984944958658,1338.6797138023294,0.922778302441424,0,0,1
154.89363179478332,40.563268339454126,1025.6716091320516,0.9429517878686274,0,1,0
155.2297691050838,54.974432085911715,804.9952034009885,1.1906179337512692,1,0,0
162.37475933773072,69.29528147629034,1457.3305654116825,0.7377952441945196,0,0,1
159.41470720933683,65.36447860361119,1115.5164937434404,0.9089999822540328,0,0,1
153.73135681351164,43.56864151070531,1053.8746756339801,0.7885626973948352,1,0,0
129.61288190332934,50.00718800454543,758.0119257736997,0.902168526113165,0,1,0
150.2561914095142,16.638163491840338,281.43465729164507,0.3076611532245996,0,0,1
140.79316643496298,34.17288371851096,682.6163550792247,0.7104415261876915,0,1,0
162.8421973183162,63.3748995491124,844.4719624866642,1.3766690841241884,1,0,0
141.1761599799656,56.449857028712614,459.64726589758135,0.6825398764829688,1,0,0
162.77065712171625,36.07073448828347,569.5232230844695,0.7698322520196043,0,1,0
174.06873306265982,31.734440090372296,678.1065783523743,0.9146104683130063,1,0,0
157.34281223580257,80.46820001217047,1826.8880681257422,0.8472629912390011,0,1,0
195.27306100065144,37.84452226362119,444.0317653838911,0.9372851985791263,0,0,1
134.97101111682707,76.7154671309684,1749.0370900192775,0.7657781153750023,0,0,1
195.27306100065144,35.643137722024726,1132.6893406613756,0.7030438398953128,0,0,1
157.40797393905302,40.99698979068032,961.3276769454197,0.9665746338499802,0,1,0
123.73783463356236,50.302823487268725,1150.460783336919,0.8465073904838507,1,0,0
166.61960727548868,25.81498688504799,864.0609686053584,0.7713614668087992,1,0,0
162.4543949483534,64.24951007387648,1683.9926200507114,0.7783239952976513,0,0,1
163.4349458868901,42.55325633246391,531.5271360065362,0.7964355101771402,1,0,0
132.1314782290257,75.70602264084404,1676.1627729458146,0.7821318902716566,1,0,0
169.0487125085709,55.969165990154806,585.8279452302894,0.8082731399946487,0,0,1
169.29895391465112,64.02816418129214,2201.8151372078905,0.7630392470842406,1,0,0
169.57990252964655,25.058288683580095,600.786902677946,0.6274819196011361,1,0,0
175.87177487630726,14.371488389640554,701.0477201590021,0.8277186534164168,0,0,1
165.51429760314565,46.64902713496106,336.3479502156478,0.5164396918416343,0,0,1
162.3003325442532,19.656712683403846,418.2301059172548,0.8861673213578561,0,1,0
146.78397495008062,19.143511672124525,714.3778576016484,0.9221669829827603,0,0,1
149.31668854526424,38.62783619699908,890.3861791322787,0.8012819751937547,0,1,0
166.83484324998943,53.168192490142104,1645.5314867782342,0.7107774740456265,0,0,1
181.54503108558967,33.18751744592695,765.4251944586957,0.8533534509803892,1,0,0
156.42834345531918,49.21571104464807,1037.4510505600547,0.869810897385984,1,0,0
160.6900412087991,52.482064595779235,911.557626891692,0.8702930966895076,0,1,0
146.4307843750935,48.69659968395472,1048.4505851830033,0.9234005514575401,0,0,1
123.73783463356236,32.584204053024564,360.62554920887453,0.6441480298589006,0,1,0
169.98125235537668,27.244821341122098,546.0698160691716,0.9270130620253312,1,0,0
189.11826154695623,18.37177420178847,551.3527441463743,1.0195483581212537,1,0,0
146.8251538423039,52.03450112899992,1639.0793211572127,0.7634997357312066,0,0,1
154.32988151472674,75.61871449533149,1970.1932976913263,0.777235286494112,1,0,0
163.4716888378836,32.689861058512264,506.6410829093089,0.7446349988002563,0,1,0
169.69734306588657,28.342119207651148,534.8361381710034,0.811324506067202,1,0,0
156.7649854367855,36.95202634090772,1234.3298004310936,0.8611413243986016,1,0,0
146.9055836431945,85.24050559820294,2013.6626383833361,0.7242603698347453,0,1,0
173.22111293385356,112.01055451264796,2715.9474930324386,0.6337505552313766,0,1,0
170.81703043818374,30.84716300730863,509.44215269195354,0.8279638848419557,1,0,0
146.2558884915441,27.048958981053968,532.9177264028717,0.6820866891086711,1,0,0
195.27306100065144,48.38263121383939,1012.652910361154,0.8928279265886152,0,0,1
160.53522638870808,38.76363412798312,1029.099333955036,0.8891198066291821,1,0,0
162.0144474587169,26.24005257872675,704.0369933947336,0.7016715606919818,0,1,0
162.3003325442532,12.022647834065065,406.0269676246537,0.9453822953506252,0,0,1
169.6262127661293,51.09827221338319,826.5536008467282,0.8794192047487998,1,0,0
147.07445394615613,91.57711357032927,2304.3817140438077,0.634190597405797,0,0,1
156.0266428953087,12.563826307846028,507.2872261062365,0.7235463529036971,1,0,0
127.7142468308623,45.89377718898647,755.7838766694603,0.9350904032881054,0,1,0
173.14683468254404,150.79286758741392,3906.343658135143,0.44128927548719193,1,0,0
182.55129742643499,57.14276619126911,946.6800063551384,1.3515883740166916,1,0,0
195.27306100065144,87.30163289001148,3144.800331243754,0.6171075924507183,1,0,0
156.82499527103235,58.767062418391774,1200.370597449511,0.8228186894244818,0,0,1
150.5839914087324,61.55111011598703,1602.290334514759,0.8142703066572626,0,1,0
171.28172166323833,70.27517465200721,1524.1406024332598,0.9195881437442994,0,1,0
156.13198253130622,24.590322059217712,1129.337838162595,0.956972004527045,1,0,0
123.73783463356236,78.13967130926687,1545.5714190501474,0.7942373995820295,0,0,1
160.45551347510968,57.23581865926782,1276.706429889656,0.8447446721745684,1,0,0
165.07035221652563,53.95955746160874,856.026795144302,0.6279252505602972,1,0,0
141.89467528214178,46.23434322629578,793.1935572485713,0.7620877391214502,0,1,0
143.87031410426144,61.09759651708284,944.9543774416265,0.8764328812364383,1,0,0
185.14589540812304,37.73124023518604,671.3544092834841,0.8833323508540013,0,0,1
145.81739680085903,41.76055164598193,842.4225341013771,0.9547768991481392,0,0,1
142.6997423410606,39.79813128273407,739.4719126012361,0.8954798291100035,0,0,1
156.5790319292394,49.690610084034155,1243.19775134585,0.7459494311182906,0,0,1
165.07829314428872,116.47050320112254,3124.79956600704,0.5255082434471372,0,1,0
145.93111635195402,37.83645792791203,879.8750211629089,0.7547163420022978,1,0,0
163.2493746310693,87.12778072349053,2274.984934478054,0.712471833819522,0,0,1
144.61370974539585,61.72961684169973,1119.779419697693,0.8551126927561516,1,0,0
195.27306100065144,132.88223095707158,1124.4049904658807,1.0058237669177208,1,0,0
175.920564473097,36.53373339648661,609.1452244259204,1.2626068032499949,0,0,1
167.98009298232915,54.36011742640855,972.6060004866287,0.8870732174903834,0,1,0
165.42491591870524,51.6257321558932,915.2749866361049,0.818648623620099,0,0,1
186.4178218730106,28.563395635859987,512.4769225192342,0.9139690792736238,1,0,0
147.5177147563101,52.740919723450475,765.0018001064961,0.5877219173716944,0,1,0
142.27188811868797,41.503984519359506,940.1103778610039,0.8134258296201684,1,0,0
166.7421086924846,86.8058610796296,2308.434576744811,0.7171368048700604,0,1,0
191.29070574305672,57.41851294226067,908.5637028898321,0.8561933100315828,0,0,1
144.77860760221222,34.908960064027646,177.687273761687,0.9734620114828638,0,1,0
154.5780584995902,25.581174623932764,308.54289946065984,0.9683006808147953,1,0,0
162.60359693472418,134.40657390147373,843.2346214442306,1.3706898654296045,1,0,0
159.19142726491393,21.179213521006552,238.78058727128573,1.0590492852622826,1,0,0
145.26544629434028,55.62651073680487,1336.0572980417282,0.807662500513778,0,1,0
157.96029745019368,22.6952983465048,1258.0965584254182,0.8048459725901863,0,0,1
195.27306100065144,49.847101874410626,903.2639416961275,0.7156105020460183,1,0,0
162.9419718853586,38.4388044362896,451.42740697616836,0.8969435894683696,0,0,1
146.43897565396,29.578421323517514,603.7215256558486,0.9221030271615892,0,0,1
136.76559212419787,48.81357543094909,709.2431193126708,1.0871346719887165,0,1,0
163.8696397183177,50.64904586970246,254.06996617510663,1.3057853867483658,0,1,0
176.55816014974386,93.79836867343151,2283.805566926439,0.7671567355351031,0,0,1
167.12751619743074,39.939387048811334,1077.6875222068297,0.8880817951698448,1,0,0
159.96394238621718,60.941128661037936,1117.4796799096862,0.7609700456575401,1,0,0
151.1609252231604,45.77346488802819,783.894870473749,1.2378128695501216,1,0,0
143.61754550922865,45.992211428744646,1740.1460113495373,0.8185631793742463,0,0,1
172.52126989487323,46.0499906071968,1000.6918580724188,0.9075471539952029,0,0,1
173.70657432078377,74.39927533286142,1438.172429720497,0.8223147635448983,0,0,1
136.814053199639,41.71196929058334,384.61397485254906,0.8085054528094378,1,0,0
183.84758467271027,100.7627328209132,2890.290773646945,0.6320663224305318,0,1,0
168.61106831341002,39.007502412945996,929.5086338708833,0.8030506139627694,1,0,0
180.9939196771869,36.9585982177396,506.5914622042001,0.9742493283408522,1,0,0
139.86808377272328,28.612075280146254,484.4154457725753,0.906856935001824,0,1,0
139.5126376687684,12.172562634489841,93.69266355968284,1.064280768652131,0,0,1
157.76546035349054,43.62077889692263,543.4771104328703,0.833042078161561,0,0,1
167.5417664034279,12.803307688938824,43.878814858898565,0.6248855405231654,0,1,0
186.94541234390445,73.48007519424398,1626.9174416020737,0.802836777619603,1,0,0
170.59118370722697,45.314421169140246,1166.0645185300536,0.8881251220779808,1,0,0
156.3597808478195,46.7816091522613,330.2541077494089,0.9067262205402852,1,0,0
158.31208984512688,22.141510476545417,762.6656017618658,0.882742251536255,0,0,1
178.45000859078726,33.20760954384332,889.7625212787929,0.7815742649637004,0,0,1
150.5828459994344,21.60780664164083,259.25975453247787,0.2123175672053372,1,0,0
157.53903253561597,19.562794124492473,816.9706511239655,0.7779036521166505,0,1,0
155.73423025590236,15.387826236331243,795.0003412584912,0.7876699529240788,1,0,0
183.85873108926776,19.144212059494883,754.2773230959215,0.7271231486051168,1,0,0
170.18396935088919,28.079951273185138,475.9176473201405,0.9403643790500342,0,1,0
123.73783463356236,23.314905503699066,252.1158092771349,0.7185350406801871,1,0,0
154.46989595797905,38.49294492317228,616.0891130290715,0.9588365178819853,0,1,0
166.42475038562856,57.44569540069872,1258.4392470544433,0.8835157523390181,0,1,0
151.0928288789694,69.77781469751008,1435.997554507556,0.9042448909440831,1,0,0
157.5155288452355,47.867260213764204,824.5184159450475,0.8585528319575259,0,1,0
161.17865544578726,27.299181661874158,465.7496540053908,0.7598092725802199,1,0,0
128.0689885837778,64.78792184776384,1194.906937275992,0.8485890233389016,1,0,0
166.87252172183048,54.20833286967001,1315.8746069191357,0.7281395479084621,0,1,0
145.3041816292479,59.47991935410644,1748.6707396638924,0.8240930479443331,0,1,0
142.70001395191383,52.34001589659108,828.3749534103412,0.7484445762268831,0,0,1
134.68983479333934,80.33672634693217,2045.5588549766433,0.6541428545926824,1,0,0
133.09161253198164,51.279105925852484,690.1904854900627,0.7896981604071267,0,0,1
139.66828745331566,31.59521323135202,401.91272564499405,1.0082954361990806,1,0,0
149.36468563554266,30.842807667650835,774.5798772187349,0.4792310470954751,1,0,0
156.13198253130622,36.71290846176265,1141.4170260229628,0.9420120782131501,0,1,0
152.11180486157195,46.063385309071364,470.16996038267746,0.7394057418190508,0,1,0
162.66625159402048,88.22989857439028,2459.331929226953,0.6570784722175675,0,0,1
166.00722079759493,57.38336736961102,1143.358445222374,0.7579397134035365,0,0,1
161.96597779323773,40.80003567723107,833.9038359117026,0.9515322509766888,0,0,1
169.97239915673927,40.566659892599134,931.3528298910302,0.8207947007395721,0,0,1
142.07059354601134,36.47493907715525,577.9375297561231,0.7638322764189797,0,1,0
181.76391322418817,23.051827262369095,167.57589858045725,0.8451162746610928,0,1,0
155.34707438730644,32.80280191958901,520.7835081866275,0.8980512090529549,0,1,0
134.7601195881597,82.46821623817085,1874.3879329344015,0.7138232601596832,0,0,1
144.63957113670432,48.337853551698686,856.3602732435402,0.9561761799131755,0,0,1
155.8028448643449,71.81156580791637,1597.0754321168986,0.8244088396289196,1,0,0
145.53193307634712,67.23320139220031,1520.7049642380325,0.7790924752101703,0,0,1
167.589483301838,47.22999486034778,813.2003701592881,0.7910919169777875,1,0,0
163.21024986784354,50.546148882192995,1301.7406421339924,0.8555895351504211,0,1,0
192.47584101709904,46.709045552181635,200.65982294807287,0.3538338959095875,1,0,0
177.85822891515394,98.52093174678251,2343.4323770204087,0.7532477469544672,0,1,0
159.47497739074404,86.3230726138953,1989.6028526860373,0.7951681559973826,0,0,1
175.404793949796,33.9637446007682,1257.2689427977027,0.8349574885444891,1,0,0
176.58850636535965,54.1143443141953,1073.4922063514894,0.8388977454157508,1,0,0
151.54078767912634,36.29611335414998,742.8046122653861,0.7571816735915883,1,0,0
147.75674133187053,60.269191981796034,1633.6081411614255,0.8320545724214649,0,1,0
161.17214594454472,55.6154935032587,1389.9240695009685,0.7872849481660739,1,0,0
172.92454186746917,27.231796655306816,896.757287961895,0.6829781565838255,1,0,0
162.08590597980125,30.25856029776077,840.5499641265036,0.38679908969976173,1,0,0
136.34505276713503,37.17016572627669,201.12858171789287,0.20999886127495013,0,1,0
147.95763334073737,77.94609945737349,767.2831431271842,1.6774191864228687,1,0,0
158.89040704608433,67.61664326095425,765.926445170893,0.6806534492605093,0,0,1
189.58813265184713,40.41581885910023,1005.475073924791,0.82654859330775,0,1,0
139.21018086401503,11.967259426011854,208.16079587509546,0.3423692761063713,1,0,0
167.5838386275381,34.40072221831286,179.26963438310437,0.38328595482408157,0,1,0
195.27306100065144,33.620398190328515,687.0578023072908,0.6877815730879557,1,0,0
194.07174618134195,40.14027046462584,731.1821445747785,0.8548179047496607,0,0,1
153.9340386522406,40.5584842238621,579.6609441784527,0.8369807415371651,0,0,1
167.371441790803,21.46374686139781,645.1998759733906,0.7372616310486151,0,0,1
168.5464053579797,101.2759934647012,3055.2353827670177,0.5486375857461846,0,1,0
162.93222597329935,76.99527856961618,1653.0906966973084,0.8150259355733239,0,1,0
123.73783463356236,40.285946002464044,740.3257614194958,0.8136977015742062,0,0,1
166.53963084250069,23.15645670238145,787.363512272957,1.0057082798458232,0,1,0
165.88785617943165,27.46510176650697,805.7538052001335,0.9680561950645566,1,0,0
156.9720956048189,56.200974337384814,1319.8386668162575,0.7636364471735937,0,0,1
161.89266855492951,41.32615172973624,759.9008631408441,0.9188102048554333,0,1,0
156.662876548326,62.23214292794735,812.4270550646168,1.597152424294344,1,0,0
163.61129475663137,45.256007356804005,1057.8416691680516,0.7496079866039861,1,0,0
162.10526619340823,115.54795961841936,2955.7374961374594,0.5454512156744862,1,0,0
153.95386016402455,36.4978909703281,689.5012781176409,0.9993824627045933,0,1,0
189.87329953307102,74.2672062505063,2019.7150470073134,0.7898098148289202,1,0,0
164.8906314035439,18.927745220900825,322.70405639189505,0.5856682425376732,1,0,0
151.74827075595192,45.02599250378757,448.0143952106469,0.9888537940769092,1,0,0
157.79461864853724,95.26330945498565,818.296077272208,1.8918504529193154,0,1,0
172.61101723194324,63.925349585144,1585.167034997668,0.8705460096493604,0,0,1
163.1170376102997,62.541449110343606,1170.5197363156149,0.861722813656552,1,0,0
159.41758895704015,123.25979695741997,3392.35248534653,0.4677342316507754,1,0,0
195.27306100065144,102.46036684491601,933.4339017299578,0.6966775505674164,1,0,0
150.88968350181682,48.45321555244186,1602.4726504340272,0.8909190566669566,0,0,1
158.84168432165433,78.44222758606749,1771.13907662524,0.8888618811254007,0,1,0
166.38765487944744,89.04184523164986,2390.89776767285,0.691111651215532,0,1,0
166.2730863383196,30.766354840286347,290.09316781019527,0.7921371019646956,1,0,0
195.27306100065144,38.94653420713091,928.6570247318856,0.674833390347334,0,0,1
159.76952523745956,43.92650770441625,1020.0380464249047,0.876544702048485,0,1,0
158.75351194928572,96.39997178024672,2256.7779118519175,0.6985381999559929,1,0,0
180.7679807139086,54.90933017272289,1259.9985956140818,0.8335797240560898,1,0,0
166.6629749093601,59.60483913467064,864.2858657848788,1.8918504529193154,1,0,0
176.51984436603644,38.70361116890992,281.2474853106929,0.7011545797718055,0,0,1
180.19338634304123,89.25234486848302,2242.460343396236,0.7971466754400437,0,1,0
167.83375954026667,53.448710578441535,731.6214920376576,0.8282974519958032,0,0,1
158.53127130335645,30.09307489062813,802.2602481472243,0.8166360922986136,1,0,0
194.08652080670322,88.51526355670487,2730.1851733767694,0.7058734239571323,0,1,0
159.55265224943628,27.09800170568302,380.49888295835376,0.7414339112734475,0,1,0
168.6061663150662,29.70656392880974,490.8347673477488,0.7999403183392653,1,0,0
140.85543375192498,39.5225210658982,200.9892704009522,1.064827127529905,0,0,1
158.33327230588722,75.30407945349998,2285.817223243038,0.6879118651322021,1,0,0
164.3907322321278,63.470209510570335,1647.0901483693372,0.7622189118572649,1,0,0
162.1828179665236,80.48984851826178,841.0525332207778,1.7490743999378977,0,1,0
150.78816152487525,31.071822822282805,579.7049347824449,1.0035624779681767,0,1,0
162.1147404941809,13.44463965643256,213.698443672986,0.33446256755745724,0,1,0
148.8639807485576,25.769786972021812,141.62025236711673,1.0971644894846828,1,0,0
170.4310371182545,87.62837287605228,2131.3718196507875,0.7932873453117829,0,0,1
142.88487235370891,47.94726496319501,1074.128095594295,0.8561363953104032,0,1,0
152.69409301779032,64.14098002671876,1305.9791209365171,0.8571781690864849,0,1,0
147.9255027872116,31.87655867249363,912.705066124836,0.8177507380424182,0,0,1
171.85189419711034,15.2655904534503,448.7881683085995,0.6741246698628242,0,0,1
153.79576501555536,30.927841572109973,613.6182765267174,0.7447948956971073,1,0,0
166.55614932833856,31.51051317465128,343.9986533690138,0.5991892391486761,0,0,1
166.4465979627126,30.872512020896735,304.2722130209684,0.5901976766450467,1,0,0
158.08517977722715,51.32126694012921,1496.5262995450644,0.837603812268528,1,0,0
158.69913104310632,27.656112598417074,822.9867248409224,0.10123270897497277,0,1,0
123.73783463356236,23.66340176572283,641.6833828555906,0.39875511600897545,0,0,1
151.24391423279295,31.18483130035305,632.1215259285175,1.0039024497491102,1,0,0
176.33154481325008,31.387882375858794,955.5974699939283,0.7820520525059125,0,1,0
150.44402682605264,24.776973538689052,211.92126564445294,0.8730023611442124,1,0,0
165.50301903927624,63.46048355236504,1143.1830660490011,0.8735243214497416,0,0,1
142.42518479023659,44.18934016303385,842.9177449095852,0.8750902492100524,0,1,0
185.43584316716297,71.00763387765281,2292.4787252676288,0.8023974601981019,0,1,0
188.4593304215967,27.609561677321825,1034.409975800455,0.9012351007016385,1,0,0
162.35040592369788,68.59574476643569,1203.52939572416,0.8707801370115529,0,0,1
167.2581691738807,41.67488593475567,458.9926732776026,0.6025395329107043,0,0,1
162.62930168400885,33.51850860659982,462.99944037032384,0.968623190040934,0,1,0
164.05675567835294,36.5953493781319,256.6011014646143,1.065519206004553,0,1,0
123.73783463356236,31.4608315999591,342.4908752675246,0.6872861332012357,0,0,1
161.97891950157936,30.5997810690478,638.5940706047984,0.8336655854496369,1,0,0
153.18178421884835,78.65216836778391,1770.2504207738725,0.8578879819450418,0,0,1
156.72020083847445,19.436516553084275,378.06407779395937,0.7745101753361014,0,0,1
158.81421835373047,99.70329336688499,2979.2553466199734,0.5302402882778345,1,0,0
158.78682253201808,62.98570552759408,1250.9528265812085,0.987491860611171,0,1,0
160.78387735746225,58.53579994704167,1090.1090461160366,0.7805239165068907,1,0,0
144.09092400405098,27.52974851582824,747.23104560154,0.7009957320315711,0,1,0
144.2351438421286,24.8164983597785,642.1348433045124,0.8646988795129859,0,1,0
140.73123601450047,25.306267952360212,729.8082746207933,0.5726631834423478,1,0,0
174.667233245293,17.103298545119927,235.78761426854945,0.7117630381260394,0,1,0
128.41529587239512,30.049410439457315,665.9399019695594,0.5376523923256213,1,0,0
177.30385514975387,90.28086689576568,2555.657165406593,0.6889901021175716,1,0,0
180.79524095894266,67.44487394145862,1363.785048982282,0.8842078378354845,1,0,0
155.46729119526069,90.36961172975543,2227.8557774608716,0.6929977600508184,0,0,1
123.73783463356236,20.992392078154634,379.69860334622103,1.0944914173926343,1,0,0
154.58034157049065,6.595057206954845,310.65428999305,1.2819448008357424,0,0,1
159.6470024725349,43.36413257824812,819.4951710312426,0.7605077205222717,0,1,0
162.8024153691279,10.238207912066638,418.64271043795804,0.7153259856831179,1,0,0
152.27172409287635,38.46364269354681,789.6552846470076,1.0399157234289953,0,0,1
182.95292798295026,16.431435383423153,195.88442023426717,0.612048696851744,0,1,0
169.97390743452613,14.769099877115067,881.4557992126526,0.08755692738585642,0,1,0
145.92993098424841,34.41849956046255,962.1361246069202,0.839197026367276,1,0,0
136.03601245606853,79.74108110295602,1996.7432821273467,0.6766793013742373,1,0,0
156.1384796829006,60.99233220215706,1062.4852680447555,0.8366876125964943,1,0,0
156.79814830974342,64.55679633876994,1174.2769068887178,0.7933577202585547,1,0,0
167.44298781044975,58.57020765453317,887.4783474871621,0.7886018105572964,1,0,0
153.01101062532692,43.723654347773234,869.8726190376041,0.9600799287135847,1,0,0
151.88099143089548,25.8800474197169,194.42610032726122,0.33319512243542737,1,0,0
172.23251533666394,59.90586462825208,1976.8580345258342,0.8306111176799691,1,0,0
159.27867239003842,43.34386894405405,616.717992790016,0.7933828567781582,1,0,0
157.25274293420057,85.36651619913712,1780.6607022039418,0.8753839374810524,0,0,1
154.64990298730194,34.42136649688633,861.2756043696868,0.8649978319515877,1,0,0
161.5072538727815,60.50383046568712,933.7211645856794,0.8840582270776076,0,1,0
150.59029831073045,55.11523028497842,586.6708783668007,0.9498777561985221,1,0,0
160.67834063499973,65.2186486116119,1329.5280399175672,0.8200692456353934,0,0,1
160.76796852821627,70.50151755328234,1558.7958376844501,0.8100734027765024,1,0,0
152.47323710782703,16.70888467522127,386.0415443887796,0.6115472555366533,0,0,1
159.87400037185918,31.699799554409203,225.9486005156182,0.5211108246057109,0,1,0
164.84461755426503,9.864641584359859,119.87785292688983,2.529785059217011,1,0,0
151.9959954034125,93.25663299637881,3374.9058149931425,0.44835182632316123,1,0,0
178.31231948219573,48.5076005104177,949.2754011792857,0.8787504805199027,0,0,1
146.84839328182233,64.03307695535983,679.4231605217709,0.8899078596909435,0,0,1
185.68060426026838,28.193246506752313,1134.2764025431345,0.8805120862986953,0,1,0
133.78545235257607,44.60105065849385,849.8433319201433,0.817069356920275,1,0,0
166.52155096835338,18.94367007504521,724.7906705441009,0.816821783208058,0,0,1
167.13146023789935,20.806793102980222,435.71377146218805,0.8791612129988219,0,1,0
148.06664398088677,21.058602135058493,767.8484537821304,0.8298406340714477,0,0,1
147.5177147563101,43.055841020256636,765.0018001064961,0.5884412362025758,0,1,0
161.65335270749284,50.373806062720405,838.3068163628297,0.7668127314395748,1,0,0
126.74771740968903,61.18718024806929,1125.9005359881724,0.7931478387019165,0,0,1
167.54117211236223,32.65330649904236,844.441484205657,0.8505069273640414,1,0,0
123.73783463356236,13.395620135214848,178.91188996890762,1.7605597054505602,1,0,0
145.51502794715188,32.2311593073095,435.2916072552456,0.8819406360001291,0,1,0
163.73826222679904,31.005804543653618,705.7543150570544,0.795181259375496,0,1,0
151.27326949911918,27.952521248170473,790.0441758110026,0.9206231348405145,1,0,0
142.39180053386542,48.57219270870402,1045.8473632371051,0.8710002624534068,0,0,1
157.03093406522976,32.52545307482738,825.0229954212915,0.8733563415969263,1,0,0
150.7560251754719,26.15752441737851,88.64712789503636,1.1674707162392233,0,1,0
151.61211904838046,34.36883788409349,246.5027255600368,1.3965462117401781,0,0,1
144.23035132540983,78.90892994684502,1110.8639193814877,0.7666312222364431,1,0,0
150.5442430430071,42.71711797607594,780.6968614841833,0.7230968870459595,1,0,0
195.27306100065144,53.23713214171377,1093.1720652144647,0.7537953535365443,1,0,0
172.46229529893515,28.875690149752202,656.1849005347656,0.8993639162838871,0,0,1
141.41420946210036,23.67115506677564,733.3500588580421,0.3924174700938737,1,0,0
191.43765252713737,51.57255871141007,749.9849917028336,0.7769016254092547,1,0,0
183.91663587623796,43.86858905095848,1038.7686435413896,0.8095436132865682,0,1,0
147.8139647659387,75.27589143508897,1426.8404640377503,0.8883706788291704,1,0,0
163.7089767271803,19.100927146904283,191.89124385184792,0.2935723138725442,0,1,0
157.59459878432753,37.53697071661886,213.487302842519,0.8104492504157759,1,0,0
164.96276956923367,43.12171802721208,689.3842873525316,0.747222039936265,0,0,1
181.76502157197004,59.75008780120416,1345.7738215380389,0.7548160987267069,1,0,0
170.22514053896754,53.60806925768009,1456.1342854423144,0.827639843965695,1,0,0
165.70068403243664,34.89048470494214,510.8647820606113,0.7748391291596018,0,1,0
180.64744675029306,14.68086760578053,936.8069602820718,0.2587062460015628,1,0,0
164.69698210019732,37.007583750640634,521.8851094788322,0.8902231846283913,0,1,0
161.7727850945949,49.39303457823066,1080.0173260553072,0.735803856215132,1,0,0
181.99811288917905,52.57260345752404,899.2416269990407,0.7771193361351288,1,0,0
143.32629625729675,51.99439827507608,1088.6916512514179,0.9053141107338953,0,0,1
159.46261631940305,92.39251872688988,1788.1398395432914,0.8838969282869852,0,1,0
152.0281817296118,34.5013800493659,670.5668666264245,0.6553581573927595,0,1,0
152.37731582002158,25.66335128387182,529.0811040231009,0.5630707638527221,1,0,0
156.16095739195993,31.4633645642431,358.61307373170206,1.2048953047299762,1,0,0
160.58437092681135,37.27871057674734,216.2321608745975,0.9259105293721004,1,0,0
132.39883383241371,28.904449646720174,131.43447820110492,0.374902873696261,1,0,0
155.55274789707988,31.772256146583235,440.3033342031835,0.9122112374216784,0,1,0
169.6081440261216,71.38031380127005,1730.9734919204514,0.7138742700744883,0,0,1
160.43593341920032,60.14996895808932,1301.455363995464,0.8398548093792759,1,0,0
158.3030792122639,21.743520277033006,528.477115585076,0.8729498777226047,1,0,0
123.73783463356236,99.60727868516668,641.6833828555906,1.8918504529193154,1,0,0
123.73783463356236,18.779816550822737,371.44120026564383,0.6591623206774648,1,0,0
123.73783463356236,63.73487334424052,1475.697565998507,0.8315315974486717,1,0,0
127.1511744253217,82.3339784258788,1756.4304703929345,0.718715154363808,0,0,1
177.91888330770595,49.600364233172826,1245.6838758836448,0.8560117427229157,0,1,0
123.73783463356236,39.43779089045874,347.4221375962769,0.666807752189357,0,0,1
160.7749146527662,39.12291481399535,597.1790188689534,0.7742208508915611,0,0,1
195.27306100065144,111.84963745057242,1122.8030502256454,0.750356171294173,0,1,0
176.11477019073342,13.290865004731875,244.2616036871371,1.0117867679081323,0,1,0
163.36509485167124,27.112339025662354,343.40089489712886,1.0063208059591064,1,0,0
173.5602633214197,26.543901924313197,337.15783024455186,0.7509544318729904,0,1,0
155.53776698689225,54.67437024447726,1147.8290948390045,0.8411920793493611,0,0,1
179.6797560786092,69.37548120984891,2001.9158612745266,0.7780087039507262,1,0,0
164.81178588899027,63.37621516269717,1373.437961149836,0.8221536868817765,0,0,1
171.69013755338472,62.49965220311718,1705.7135195895603,0.839027992257723,1,0,0
140.94908366931952,31.407937752462736,367.08482608588344,1.3031156948042502,0,0,1
164.30433781452564,43.64839435830232,632.8176587901949,0.6877871682028571,0,0,1
147.52067623758325,29.85654680355142,603.3723755134473,1.0044332242089231,0,1,0
195.27306100065144,42.229161659293496,1363.325059575989,0.9083805067401306,0,1,0
153.41719574935615,34.03482026834671,444.73258324541905,0.8684465061628273,0,1,0
153.89083286006954,48.805368196479264,1465.524481628459,0.9325416605004482,0,0,1
123.73783463356236,98.1201885314373,1678.2904987482125,0.7318888553776041,0,0,1
179.97008592982604,54.286677929376864,1302.2650954780543,0.8649372231298046,0,0,1
141.65657470666653,31.641615720971394,340.42338763307663,1.0604477861932935,0,1,0
158.81508724691517,30.681103284597274,309.2027298834787,1.0763064072703403,0,0,1
159.08854222840407,17.107554728142123,94.9006240711151,0.27882530582707327,0,1,0
149.94474927051937,44.69816867437941,628.4348446742729,0.676472939301011,0,0,1
146.22809524875137,27.912460228888538,585.308184111628,0.8045445653337274,0,1,0
178.5937600966234,70.6221787813664,1630.1766187139272,0.7974396083552888,1,0,0
164.52905735996208,19.942764774705797,504.22706906580424,0.8131044211499818,1,0,0
153.3690249722667,44.61040053746136,671.7974821610788,0.9691265854175901,0,1,0
169.06181334382777,44.50855290004296,1044.1631059915685,0.8000255277438926,1,0,0
194.55458128157184,42.108499449553804,1391.606193584378,0.8353281521088219,1,0,0
137.80833665290413,58.449120283667014,1160.397416513568,0.8434288509190808,0,1,0
178.88849859680198,46.21644902872638,1025.8133441839113,0.9081408579056501,1,0,0
149.98772337064776,9.649685926658597,220.70032695714133,0.08100315205136832,1,0,0
145.39931742959448,26.969429324100176,976.099147183408,0.7930005866371475,0,0,1
175.1070000470974,30.37699723480253,503.9206681059825,0.8569319415248445,0,0,1
165.04217444539344,90.14952733444832,855.8806700116377,1.8918504529193154,0,0,1
156.58785610069887,44.28312454616929,795.9106694384893,0.7861447843077086,0,0,1
195.27306100065144,38.03904522885512,1169.9973234762388,0.6820183536047044,0,1,0
149.21335822826222,142.54338737749327,3485.7242120893197,0.4262452630122921,1,0,0
190.74718143678888,70.75695363088339,1625.547453822412,0.8032960796946937,0,1,0
171.7319500229719,46.42569215258014,769.823482358056,0.7633322371672813,1,0,0
148.1365092749867,31.66906679056031,236.91153825784627,0.7456835644804407,1,0,0
176.22977213874913,24.729832111525802,418.7890600038788,0.3703552729524886,1,0,0
163.72847336460413,70.88720438377939,2399.747803907039,0.677650237707866,0,1,0
153.77179348142093,43.613889951216294,1028.6737752056104,0.9313650980966279,1,0,0
160.5104111660835,83.17008274780994,1799.9532168773353,0.8712800417386668,0,1,0
146.42725705935453,27.310158508439866,759.3468717984686,0.3733004079487217,0,1,0
157.31360072475766,26.949519682297296,398.7191905206229,0.779496207978954,1,0,0
165.93729671643885,44.70835889800751,1319.947515119704,0.8390420628708023,1,0,0
170.39283633726717,22.979574534005955,390.24003358560964,0.9396970324221169,0,1,0
171.01956318188996,34.46054415785386,596.8404726247682,0.9194087659352292,0,0,1
145.2129428699826,95.01787204625901,2194.776182690294,0.6572810786379907,0,0,1
151.4879405700399,29.019315494416826,546.3308902270852,0.8381281439978364,0,1,0
153.24283853422148,18.87112888129542,195.05848296112342,0.9546275446536608,0,0,1
173.41970781360808,29.81874200761457,140.64392323107802,1.5557178515866446,1,0,0
139.40710822778405,22.75912897581164,155.18110306345434,1.0702968657133982,1,0,0
165.27219850528303,79.30050559629683,1926.6296190585192,0.8505345281242059,1,0,0
160.57450341484636,44.0795935012455,506.25047929573867,0.8367537465519272,0,1,0
160.70402353090554,125.48543226383167,3679.022081082006,0.43491204686035095,1,0,0
150.46187406702302,86.6879582981508,2056.2570938493686,0.7264116048509351,1,0,0
145.7816092409652,107.53383513357284,2549.547637138681,0.5685431243315154,0,1,0
147.48515431762627,56.56999719686191,1490.678333829651,0.9104160077468675,0,0,1
171.4604467235929,57.75573953376709,1314.0453435638944,0.8839975647890551,1,0,0
161.65335270749284,67.75857240236684,838.3068163628297,0.7565801982825601,0,1,0
168.94661706372628,58.94894925772079,1387.240694056781,0.8576148321694052,0,1,0
161.38737995726882,75.05558616422832,1563.44402884227,0.8649774759971144,0,1,0
156.46045019183543,32.71363951296802,274.3741258935707,0.8573618330648771,1,0,0
171.16278565472552,26.984857663491525,733.7473093239984,0.8661059788846883,0,1,0
166.3231912530484,24.576913399158784,779.4847014044524,1.00981783234037,0,0,1
164.00227594443103,41.58607899011069,745.0854751543665,0.9470833255929237,1,0,0
154.9131658109494,38.013846025343994,308.2518816617383,0.8549371303993356,0,0,1
195.27306100065144,100.26970456917164,3156.9977259006782,0.6147379889452913,1,0,0
158.14400979850365,37.46854915866731,659.954883419572,0.7092922493130138,1,0,0
166.86708414888676,24.488936243269883,355.19642436397066,0.9011363905362957,0,1,0
157.2614653843069,74.49536061817045,2150.5323362928507,0.7259589131707288,1,0,0
157.77475715531446,26.120624932590637,818.193078943544,0.8148316783707567,0,1,0
195.27306100065144,21.934657149333447,664.6171181276251,0.732676955328979,0,0,1
160.94543124099172,14.612324015825596,163.80728839968643,0.28654775306257274,0,0,1
143.2893032475701,58.412140510471325,743.0739765829233,1.0939696265828915,0,1,0
163.8799172178308,27.975411740910413,525.664258411663,0.7682934648544544,1,0,0
163.19109663786492,43.34632006000547,798.6883161787074,0.6922600202566103,0,1,0
167.5643399515912,95.94589255903962,2594.542440474642,0.6416896265296845,0,1,0
153.5331164563735,35.4013269573759,462.3658079640128,0.9676724899489015,0,0,1
166.12079270255134,41.484780563338774,1170.1831245403325,0.7745709325369609,0,0,1
168.26196358410496,70.38108476961752,1445.8061080742013,0.9276111541282074,0,0,1
159.54921184702553,59.6764909744561,827.3950994304315,1.8841284989096343,0,1,0
195.27306100065144,37.27464504611223,830.287538591891,0.7548888188159315,1,0,0
165.46210444081993,45.01337844837526,690.4971725827389,0.9300962057861278,0,0,1
160.10767700361913,62.61398585843651,1050.630572867568,0.7552890143856454,1,0,0
128.70283512443373,87.02821869423434,1711.171632763192,0.7465180162351519,1,0,0
162.4073443596022,50.50857568645144,653.1593879862871,0.8502231268573432,1,0,0
193.18796559095864,12.335547875873235,50.55770061151247,1.3797884589030032,0,0,1
154.59941096864526,73.68811454488528,1432.3471132618786,0.778157508002913,0,1,0
149.0788435321702,51.414289468132665,784.7461967062312,0.7507199587118827,0,1,0
165.60022839567097,28.978460172795902,1204.9466052246023,0.8789597652990055,0,0,1
167.5052363908364,19.571373375013188,177.8050830665152,0.368571708143418,0,0,1
177.89102748124623,39.900176079390654,572.4781990673245,0.8941823292642653,1,0,0
141.13197766136668,52.70983528144336,1234.926713011635,0.7631575793968416,1,0,0
168.85633091877196,73.19121560376627,1187.527074198232,0.751684472637003,0,0,1
157.8678019458918,41.213319460085245,767.7470438639209,0.8885132389900573,0,1,0
175.44186222397536,16.817409478360183,433.8033172288136,0.6815399323295648,1,0,0
173.08473070042675,21.22194577118742,347.45314981389646,0.9477563193756988,0,0,1
142.85471031889406,31.520612893305454,748.9457656264403,0.858464081859168,0,1,0
195.27306100065144,56.594787492422284,1115.9776511071375,0.7890501476256958,0,1,0
159.02967092451223,39.49411043552158,589.8349151696649,0.6952918588521768,1,0,0
161.09311147023274,19.85885935049961,304.6330384734247,0.3144434876164059,0,0,1
161.09795486502543,56.15746867344584,1109.7287652029247,0.8628531994825541,0,1,0
157.7463551680261,60.14739232378649,1479.9118889164288,0.758517323099687,1,0,0
177.87561245660598,59.14124003703242,1387.7418283181594,0.8452759983724224,0,1,0
158.7442306022618,107.92990275554013,2849.7078764079897,0.5539684923085998,0,1,0
143.20680807425248,40.14620129451213,619.3078196602785,0.9075358523730787,0,1,0
154.09705216045407,80.60040981191739,1916.7881251580698,0.7975221260372576,0,0,1
162.68042075215715,34.93985254628936,470.5145279096461,0.7665434620746536,0,1,0
178.43822176445576,42.89949513814382,446.009542079295,0.9580720946107755,0,0,1
169.0464202742325,50.76180441259029,928.116739635004,0.864762877060573,1,0,0
147.24197081879433,82.86030617321799,2105.711156338804,0.6943950004477326,1,0,0
169.74824827371242,38.512432335185814,670.9868142497006,0.8869207716314268,1,0,0
163.9716296646697,34.00187390951722,173.9084764626309,0.11522030195249444,0,1,0
123.73783463356236,65.33445119126486,1145.7415838999846,0.8813474644647799,0,1,0
157.72428349634157,35.55502354491543,742.02270435895,0.8960467945048965,0,0,1
195.27306100065144,41.731721793290234,1220.1858401458196,0.7565399735185993,0,0,1
172.59202756777609,33.074311833802284,451.66394697848096,0.77379669401265,0,1,0
178.27292067631384,36.536972432166976,971.8815106008376,0.8311490908317635,0,0,1
175.86052458067337,36.64473255413277,218.44430147316154,0.7365633946097897,1,0,0
173.08295500109466,88.58152913739144,2826.4937129301297,0.6086322271663186,0,0,1
155.27369903208836,82.59777325209642,1623.8438383884964,0.9097354293708808,0,1,0
151.4238093706591,38.62725039027324,797.6150009902615,0.9349350582545587,0,1,0
164.98911265486296,51.148416543994266,1498.6581070409488,0.7692987833836522,0,0,1
173.99692108511604,33.7852461447376,504.37519840666704,0.9253761706993664,0,1,0
156.6591894883509,56.85491043164573,1589.131488460962,0.9065671260656203,1,0,0
175.9775794857158,37.00280579896207,670.8733514857091,0.8777088160708119,0,1,0
181.7892511822927,30.373229599281796,653.3411083291218,0.9746607200894722,0,1,0
146.2551862138987,34.76672166263397,312.70734671787625,1.2615712713617424,0,0,1
147.4461894430558,50.244965580885115,1006.5517493079948,0.91162570600346,0,1,0
157.89437411641995,29.376375876633176,804.3754190521247,0.8576340634277447,0,0,1
164.61419002283796,74.02244411083497,2091.633678058206,0.7808670028803474,0,1,0
123.73783463356236,11.603698844371095,236.4438559909737,0.8437558181920667,0,1,0
180.28304018300716,65.14440302646427,934.9172097500434,1.1036358918699634,0,0,1
166.36100292277678,71.94682111069757,1855.373322301727,0.8268315815762957,0,1,0
160.59170572361108,34.571527775847755,930.0290546993441,0.9682609729703857,0,0,1
158.8529988670744,43.15213937701505,596.1956555427131,0.7217368541217632,0,1,0
146.52752765797376,49.43809862107673,759.8668580832899,1.0585348651773305,0,1,0
164.2151387542271,89.66674690727683,1976.4880628340582,0.8239969373089414,1,0,0
128.01106560767747,75.86625521468599,1540.30741938258,0.7853269419536903,0,1,0
175.18956114466107,35.09559236714747,908.5032930243385,0.767498674275018,1,0,0
157.6276923344152,80.39771592702118,817.4304257740171,1.7138684274363827,0,0,1
195.27306100065144,48.6877031617024,959.1723505977166,0.895442155899519,1,0,0
194.61874375924165,58.78050882427939,1754.1910399881726,0.889240330390764,1,0,0
157.27826396128725,54.86657856528943,1168.651935708835,0.7993819359879957,1,0,0
158.40494496203027,32.04537028726046,821.4611258173662,0.5955822842461874,1,0,0
174.93372271003045,35.982822578223306,386.7459882232537,1.2360451656725129,1,0,0
160.7320924099063,80.22834506766469,1824.42230940177,0.8204932229894222,0,0,1
135.42956413845974,70.57438414725279,1829.581408113524,0.7347825613123385,0,0,1
133.2043680196797,35.45771942508224,896.7719910477746,0.9459898628056819,0,0,1
150.6694779166843,38.70321119421242,739.316298619331,1.0290125757712432,0,0,1
168.74106374760797,25.615642247503832,283.93529013822274,0.8033552316458067,1,0,0
170.60519298819145,53.634585760464745,1054.2339582337033,0.9432796158487136,1,0,0
142.00453707452039,49.10132746581722,576.9365253072357,0.7404002746999586,1,0,0
154.9097195992234,53.80688820151593,1423.7144660513884,0.8147328864498866,0,1,0
172.8702129295322,18.988336862007877,240.08824585229874,1.2062766636723352,1,0,0
147.5770559055215,15.360787161728133,301.0932508889679,1.2039348897319646,0,0,1
129.72268203417042,34.50458736239304,364.2158366153982,0.9175598703280831,1,0,0
162.17595618939072,52.76581275449973,1178.393049711413,0.7787405284449558,0,0,1
195.27306100065144,27.295054938910468,1118.575902330734,1.005883527380624,0,1,0
158.16914301818085,57.25429371092775,1246.8703089316093,0.8060968210703487,1,0,0
153.3520814358713,71.2074001947456,795.2578342358125,1.6803966621562456,0,0,1
157.6095665178114,54.73452291632807,1274.0222950710056,0.8605297116210211,1,0,0
154.44125856398827,101.20058012098494,800.9061217314583,1.8918504529193154,0,1,0
139.7792933208975,54.92613864757398,1485.86971962032,0.8818717966847225,1,0,0
159.83516313454382,54.07883351144819,828.8779942139877,0.7706119668487843,0,1,0
167.81919857520722,36.58479154153488,537.0307468303247,0.8944369089371726,0,1,0
164.8251781206475,22.033021562772966,854.7553639470652,0.7530758698692315,1,0,0
155.39619200246142,57.60186737810339,1286.9523715464816,0.8731538477588952,0,0,1
145.0727727721993,36.05402309575779,507.1611778106263,0.47463451458810424,0,0,1
166.74378205123554,46.80817365035746,1407.6426423005887,0.822687298073925,0,0,1
162.67714995828084,43.98525800465359,354.9058008185666,0.56051435915833,1,0,0
181.4328656172035,64.17748667662715,1904.2428189898008,0.8602081884947644,0,1,0
137.88801801936842,50.88149850849007,904.7745611394166,0.821893558707955,1,0,0
151.21108490023366,97.37078522501204,2424.3277294336713,0.6198575782754887,1,0,0
164.93660168065193,50.802383569136566,812.3399251340076,0.989599377771065,0,0,1
178.79263951641227,36.367391222643576,700.0284777350629,0.770827322703897,0,1,0
153.27663075549776,14.303835554535723,295.6196943400793,0.7709240370187248,0,1,0
149.61624506101157,33.502613889390474,284.2459369623983,0.7890080274392647,1,0,0
161.49261249293994,51.26137331696586,1559.6105105422623,0.8181444422293291,0,1,0
162.63633873624028,109.1547115689535,2436.648221966299,0.6630337667822579,1,0,0
190.63114060215617,47.702214962890196,878.1006929444392,0.7513783947753186,1,0,0
164.16037692947015,32.29832502456532,718.0773697383225,0.7046552620735588,1,0,0
195.27306100065144,53.43433642350878,1030.3090494128896,0.8921028982165333,0,1,0
164.8312346615048,71.31568655056937,1810.6530942212376,0.870727745418631,0,1,0
155.9746889260618,24.76791623399263,808.8582310036365,0.2776490687307069,1,0,0
147.80478441609804,37.87770748246223,766.4904945785906,1.0465120000200085,0,0,1
164.67481449337112,47.49190222083264,1615.0901477011978,0.8095479615632566,1,0,0
163.3864228466763,58.39583704991929,1176.815841397398,0.8556941791419521,0,1,0
160.26419877900486,0.4339369013678649,22.077503744854322,2.2176657441363385,0,0,1
160.43593341920032,47.16262710873144,1301.4119945137634,0.8376023252035059,0,1,0
179.5526189790214,58.54723237028378,1302.242175057799,0.8693630040001099,0,0,1
169.97054117999664,74.14118518642599,2112.764254428708,0.7980731948594746,0,0,1
151.70618743949046,87.76450649804362,2154.906566183444,0.699081988849011,0,1,0
123.73783463356236,65.45234622672199,1486.996216611816,0.8252655090295168,0,0,1
152.5364374242219,38.25845202983587,808.1198026889258,0.7650983091527902,0,0,1
148.26994761233445,21.50124692856355,149.46782401079906,0.6935246242614906,1,0,0
148.6044532377957,27.092043640104734,646.3201020072042,0.6568649072798051,1,0,0
160.25317515798426,56.06093123038352,828.6338900501622,0.7872812216465138,0,0,1
167.0731357062731,84.61939467986734,2482.249692450188,0.6685714692319178,0,0,1
141.57334253101357,19.639650665060234,202.74355558071994,0.7157057864088646,0,1,0
128.866179863822,14.775914422276562,452.9401916861076,0.8179424128828389,0,0,1
158.7089546081366,18.347585794354234,439.4872643955828,0.9039258370414203,0,1,0
